{
    "activation": "ReLU",
    "atom_messages": false,
    "batch_size": 50,
    "bias": false,
    "cache_cutoff": 10000,
    "checkpoint_dir": null,
    "checkpoint_path": null,
    "checkpoint_paths": null,
    "class_balance": false,
    "config_path": null,
    "crossval_index_dir": null,
    "crossval_index_file": null,
    "crossval_index_sets": null,
    "cuda": false,
    "data_path": "data/chembl_dmpnn_3000.csv",
    "dataset_type": "classification",
    "depth": 3,
    "device": {
        "_type": "python_object (type = device)",
        "_value": "gANjdG9yY2gKZGV2aWNlCnEAWAMAAABjcHVxAYVxAlJxAy4="
    },
    "dropout": 0.0,
    "ensemble_size": 1,
    "epochs": 1,
    "features_generator": null,
    "features_only": false,
    "features_path": null,
    "features_scaling": true,
    "features_size": null,
    "ffn_hidden_size": 150,
    "ffn_num_layers": 2,
    "final_lr": 0.0001,
    "folds_file": null,
    "gpu": 0,
    "hidden_size": 150,
    "init_lr": 0.0001,
    "log_frequency": 10,
    "max_data_size": null,
    "max_lr": 0.001,
    "metric": "auc",
    "minimize_score": false,
    "multiclass_num_classes": 3,
    "no_cuda": false,
    "no_features_scaling": false,
    "num_folds": 1,
    "num_lrs": 1,
    "num_tasks": 1,
    "num_workers": 8,
    "protein": "btk",
    "pytorch_seed": 0,
    "quiet": false,
    "reproducibility": {
        "command_line": "python new_train.py --protein btk --dataset_type classification --data_path data/chembl_dmpnn_3000.csv --epochs 1 --hidden_size 150 --save_dir model_ymj",
        "time": "Sun Apr 11 18:02:04 2021"
    },
    "save_dir": "model_ymj\\fold_0",
    "save_smiles_splits": false,
    "seed": 77,
    "separate_test_features_path": null,
    "separate_test_path": null,
    "separate_val_features_path": null,
    "separate_val_path": null,
    "show_individual_scores": false,
    "smiles_column": null,
    "split_sizes": {
        "_type": "tuple",
        "_value": [
            0.8,
            0.1,
            0.1
        ]
    },
    "split_type": "random",
    "target_columns": null,
    "task_names": [
        ""
    ],
    "test": false,
    "test_fold_index": null,
    "train_data_size": 2412,
    "undirected": false,
    "use_input_features": false,
    "val_fold_index": null,
    "warmup_epochs": 2.0
}